chain_A,resnum_A,resname_A,atom_A,chain_B,resnum_B,resname_B,atom_B,min_distance_A
A,101,TYR,OH,B,391,ARG,NH2,1.991
A,15,ASP,OD2,B,359,LYS,NZ,2.039
A,225,ARG,NH2,B,492,GLU,CB,2.049
A,62,ARG,NH2,B,461,LYS,O,2.291
A,489,ASP,OD2,B,110,ARG,NH1,2.332
A,382,ASP,OD1,B,158,ARG,NH1,2.377
A,149,ASP,N,B,276,LEU,O,2.383
A,519,VAL,CG2,B,128,SER,O,2.385
A,344,LEU,O,B,155,LYS,O,2.432
A,99,GLU,OE2,B,426,LYS,NZ,2.443
A,485,VAL,CG1,B,78,ARG,NH2,2.478
A,225,ARG,NH1,B,496,ASP,OD1,2.479
A,482,HIS,NE2,B,128,SER,OG,2.525
A,489,ASP,OD1,B,78,ARG,NH1,2.575
A,341,PRO,CB,B,253,PRO,CB,2.579
A,61,ASN,CG,B,354,LYS,NZ,2.597
A,43,LEU,CD2,B,468,GLY,CA,2.671
A,14,TYR,OH,B,351,ASP,OD1,2.734
A,343,ARG,NE,B,93,TYR,OH,2.738
A,383,TYR,OH,B,180,SER,OG,2.78
A,338,PRO,O,B,138,ASN,ND2,2.785
A,439,TYR,OH,B,149,GLU,OE1,2.791
A,335,ARG,NH2,B,99,THR,CG2,2.804
A,384,VAL,N,B,204,HIS,O,2.808
A,42,GLY,O,B,470,VAL,CG1,2.813
A,516,ARG,NH1,B,75,SER,O,2.836
A,333,GLN,NE2,B,121,TRP,O,2.867
A,147,VAL,O,B,276,LEU,O,2.887
A,389,MET,O,B,220,ARG,NH2,2.89
A,483,ARG,NH1,B,150,GLU,OE1,2.899
A,339,PRO,CD,B,256,GLN,O,2.914
A,372,TYR,CD1,B,514,TYR,CD2,2.922
A,519,VAL,CG1,B,129,THR,C,2.941
A,104,PRO,CD,B,425,ALA,O,2.954
A,344,LEU,CD1,B,157,THR,OG1,2.966
A,344,LEU,N,B,323,GLU,OE2,3.014
A,493,ARG,NH2,B,144,ASP,O,3.016
A,148,TYR,CA,B,276,LEU,O,3.017
A,335,ARG,O,B,121,TRP,NE1,3.017
A,147,VAL,O,B,277,GLY,CA,3.029
A,332,ILE,O,B,121,TRP,CD1,3.044
A,44,ASP,OD2,B,471,ASN,N,3.053
A,439,TYR,OH,B,227,GLN,CG,3.054
A,519,VAL,CG1,B,130,GLY,N,3.065
A,384,VAL,O,B,205,TYR,CD1,3.066
A,343,ARG,NE,B,153,PHE,O,3.072
A,19,GLU,OE2,B,463,ARG,NH1,3.076
A,104,PRO,CB,B,437,ALA,O,3.105
A,343,ARG,C,B,323,GLU,OE2,3.108
A,482,HIS,CB,B,108,GLY,O,3.112
A,338,PRO,CB,B,256,GLN,O,3.113
A,14,TYR,CB,B,354,LYS,O,3.115
A,101,TYR,CB,B,426,LYS,CB,3.115
A,478,VAL,CG1,B,128,SER,CB,3.119
A,479,VAL,CG1,B,107,LYS,O,3.121
A,44,ASP,O,B,430,LYS,NZ,3.127
A,516,ARG,NH2,B,74,THR,CA,3.134
A,145,LEU,O,B,278,GLN,O,3.138
A,19,GLU,OE1,B,460,THR,O,3.147
A,387,LYS,N,B,239,GLY,O,3.159
A,333,GLN,OE1,B,120,ASP,N,3.173
A,486,PHE,CE2,B,143,SER,O,3.183
A,342,PRO,CB,B,323,GLU,CB,3.193
A,62,ARG,NH2,B,354,LYS,CG,3.194
A,144,ALA,CB,B,280,CYS,SG,3.194
A,437,TYR,CE2,B,235,LYS,NZ,3.2
A,339,PRO,O,B,139,TYR,OH,3.208
A,482,HIS,ND1,B,110,ARG,CG,3.209
A,479,VAL,CG2,B,106,LYS,CB,3.229
A,44,ASP,N,B,469,MET,O,3.231
A,335,ARG,CD,B,259,ALA,CB,3.258
A,333,GLN,NE2,B,118,GLU,CB,3.259
A,438,PHE,CD2,B,234,SER,OG,3.285
A,337,LEU,CD2,B,120,ASP,O,3.296
A,382,ASP,O,B,204,HIS,CB,3.298
A,333,GLN,OE1,B,119,GLY,CA,3.299
A,340,PRO,CD,B,138,ASN,ND2,3.303
A,383,TYR,CA,B,204,HIS,O,3.311
A,446,HIS,CE1,B,150,GLU,OE2,3.311
A,335,ARG,NE,B,261,ASP,OD1,3.324
A,386,LEU,CD2,B,239,GLY,C,3.337
A,485,VAL,CG1,B,110,ARG,NH1,3.341
A,102,VAL,O,B,427,PHE,N,3.345
A,434,GLN,NE2,B,232,TYR,CD2,3.345
A,386,LEU,CD2,B,240,LEU,N,3.349
A,146,GLU,CG,B,279,GLY,CA,3.37
A,375,ILE,CD1,B,514,TYR,CE2,3.373
A,42,GLY,O,B,469,MET,C,3.375
A,101,TYR,CA,B,427,PHE,O,3.386
A,383,TYR,CD1,B,206,LYS,N,3.386
A,338,PRO,O,B,139,TYR,CE2,3.391
A,438,PHE,CZ,B,230,VAL,CG1,3.391
A,337,LEU,CD1,B,137,SER,OG,3.392
A,332,ILE,CD1,B,134,TYR,CB,3.414
A,494,LEU,CD1,B,227,GLN,CB,3.414
A,379,GLU,OE1,B,182,THR,CA,3.419
A,523,LYS,NZ,B,130,GLY,O,3.423
A,434,GLN,O,B,231,ALA,CB,3.425
A,490,THR,CG2,B,149,GLU,OE1,3.432
A,341,PRO,CD,B,93,TYR,CD2,3.434
A,101,TYR,OH,B,389,ASP,OD2,3.435
A,386,LEU,CD1,B,218,THR,CG2,3.436
A,475,LYS,CE,B,64,PHE,CD1,3.462
A,523,LYS,NZ,B,131,GLN,OE1,3.474
A,486,PHE,CE2,B,148,ALA,CB,3.475
A,107,ALA,CA,B,438,LEU,O,3.491
A,471,VAL,CG1,B,64,PHE,CE1,3.491
A,383,TYR,OH,B,182,THR,OG1,3.492
A,475,LYS,NZ,B,63,LEU,O,3.532
A,100,VAL,O,B,427,PHE,O,3.535
A,392,ALA,C,B,220,ARG,NH2,3.536
A,225,ARG,NH1,B,495,HIS,ND1,3.538
A,42,GLY,O,B,468,GLY,O,3.544
A,479,VAL,CG2,B,109,GLU,CG,3.55
A,46,TRP,CZ2,B,463,ARG,NE,3.559
A,383,TYR,CE1,B,188,CYS,SG,3.594
A,393,GLN,N,B,220,ARG,NH2,3.608
A,519,VAL,CG2,B,127,LEU,O,3.613
A,336,PRO,CG,B,321,ARG,NH1,3.617
A,99,GLU,O,B,471,ASN,ND2,3.622
A,102,VAL,CG2,B,471,ASN,ND2,3.622
A,442,GLN,NE2,B,151,TRP,CD1,3.626
A,338,PRO,CD,B,136,PRO,CB,3.629
A,467,PRO,CB,B,63,LEU,CD1,3.631
A,337,LEU,CD2,B,136,PRO,CA,3.638
A,508,GLY,C,B,78,ARG,NH1,3.646
A,101,TYR,CD1,B,428,PRO,N,3.654
A,482,HIS,NE2,B,127,LEU,C,3.66
A,386,LEU,CD1,B,233,TYR,OH,3.664
A,108,ARG,O,B,439,TYR,CD1,3.681
A,108,ARG,N,B,438,LEU,O,3.687
A,337,LEU,CD1,B,138,ASN,OD1,3.688
A,486,PHE,CE1,B,149,GLU,OE2,3.688
A,46,TRP,NE1,B,464,VAL,CB,3.712
A,150,VAL,CG2,B,346,LYS,O,3.712
A,339,PRO,CG,B,327,GLN,NE2,3.712
A,44,ASP,OD2,B,470,VAL,CA,3.728
A,102,VAL,O,B,426,LYS,CA,3.729
A,148,TYR,CE1,B,284,VAL,CG1,3.729
A,382,ASP,OD1,B,524,THR,CG2,3.734
A,103,VAL,CG1,B,424,GLY,CA,3.736
A,438,PHE,CE1,B,151,TRP,NE1,3.736
A,343,ARG,NH1,B,154,GLY,CA,3.747
A,100,VAL,O,B,428,PRO,CA,3.75
A,386,LEU,CD1,B,238,ASP,O,3.764
A,102,VAL,CB,B,429,ILE,CG1,3.77
A,372,TYR,OH,B,510,PRO,CA,3.77
A,342,PRO,CD,B,256,GLN,NE2,3.772
A,337,LEU,CD2,B,121,TRP,NE1,3.779
A,341,PRO,CG,B,254,GLN,O,3.78
A,100,VAL,O,B,471,ASN,ND2,3.786
A,338,PRO,CD,B,121,TRP,CZ2,3.788
A,372,TYR,CE2,B,511,THR,OG1,3.794
A,438,PHE,CB,B,231,ALA,CB,3.795
A,146,GLU,CA,B,278,GLN,O,3.796
A,442,GLN,NE2,B,247,VAL,CG2,3.797
A,61,ASN,ND2,B,464,VAL,CG2,3.8
A,435,LEU,CD2,B,227,GLN,O,3.802
A,475,LYS,NZ,B,104,SER,CB,3.803
A,340,PRO,O,B,256,GLN,OE1,3.804
A,386,LEU,CG,B,217,ILE,CG2,3.804
A,332,ILE,CD1,B,101,THR,OG1,3.813
A,471,VAL,CG2,B,63,LEU,CD2,3.815
A,14,TYR,CD1,B,355,GLY,N,3.823
A,435,LEU,N,B,231,ALA,CB,3.83
A,104,PRO,CG,B,427,PHE,CD2,3.833
A,343,ARG,CB,B,155,LYS,O,3.835
A,44,ASP,O,B,464,VAL,CG1,3.842
A,107,ALA,CB,B,439,TYR,O,3.843
A,435,LEU,CD2,B,228,GLN,CG,3.845
A,482,HIS,CD2,B,109,GLU,CA,3.847
A,523,LYS,NZ,B,68,ASN,OD1,3.851
A,46,TRP,NE1,B,467,PRO,CA,3.855
A,341,PRO,CD,B,139,TYR,OH,3.858
A,468,ARG,N,B,63,LEU,CD2,3.866
A,523,LYS,CD,B,129,THR,O,3.869
A,103,VAL,CG2,B,426,LYS,CG,3.875
A,338,PRO,CB,B,98,ARG,NH2,3.875
A,522,VAL,CG1,B,64,PHE,CZ,3.88
A,526,ALA,CB,B,63,LEU,CD1,3.881
A,343,ARG,NH2,B,152,TYR,O,3.895
A,509,THR,N,B,78,ARG,NH1,3.899
A,332,ILE,CD1,B,102,ASP,CB,3.906
A,15,ASP,O,B,354,LYS,O,3.911
A,383,TYR,CD1,B,205,TYR,C,3.917
A,144,ALA,CB,B,279,GLY,C,3.926
A,103,VAL,CA,B,425,ALA,O,3.928
A,336,PRO,CD,B,260,LYS,N,3.966
A,483,ARG,NH2,B,107,LYS,O,3.967
A,389,MET,CE,B,238,ASP,OD1,3.968
A,43,LEU,CD2,B,469,MET,N,3.969
A,19,GLU,O,B,488,PRO,CG,3.974
A,389,MET,CE,B,218,THR,CG2,3.987
A,344,LEU,CD2,B,375,SER,OG,3.994
A,339,PRO,C,B,138,ASN,ND2,3.996
A,148,TYR,N,B,351,ASP,OD2,4.022
A,100,VAL,O,B,429,ILE,N,4.027
A,386,LEU,CD2,B,205,TYR,CE1,4.037
A,333,GLN,NE2,B,134,TYR,CE1,4.041
A,340,PRO,CA,B,139,TYR,CE2,4.044
A,28,ARG,NH1,B,356,GLU,OE1,4.05
A,151,PRO,CB,B,274,VAL,CG1,4.051
A,338,PRO,CB,B,257,GLY,O,4.054
A,344,LEU,CD1,B,160,GLU,OE2,4.062
A,45,GLY,O,B,464,VAL,CG2,4.068
A,150,VAL,CG1,B,345,SER,O,4.068
A,340,PRO,CB,B,93,TYR,CE2,4.072
A,338,PRO,CG,B,95,TYR,CE2,4.077
A,486,PHE,CD2,B,90,VAL,CG2,4.077
A,438,PHE,CE2,B,175,PHE,CZ,4.088
A,493,ARG,NH2,B,227,GLN,NE2,4.089
A,150,VAL,CG2,B,347,GLY,N,4.119
A,347,TYR,OH,B,513,GLU,OE1,4.121
A,494,LEU,O,B,228,GLN,NE2,4.124
A,23,GLU,OE2,B,463,ARG,NE,4.127
A,494,LEU,CD1,B,225,SER,OG,4.13
A,148,TYR,CB,B,347,GLY,CA,4.14
A,61,ASN,ND2,B,350,LEU,CD2,4.146
A,62,ARG,NH2,B,462,GLY,C,4.18
A,378,ALA,N,B,521,ASP,OD2,4.182
A,434,GLN,CG,B,235,LYS,CD,4.194
A,516,ARG,NH2,B,73,VAL,O,4.201
A,378,ALA,CB,B,524,THR,OG1,4.203
A,102,VAL,O,B,425,ALA,O,4.217
A,225,ARG,NH2,B,493,SER,N,4.222
A,385,HIS,O,B,205,TYR,CE1,4.223
A,490,THR,CG2,B,227,GLN,CG,4.226
A,148,TYR,CE2,B,396,LEU,CD2,4.234
A,41,GLY,O,B,468,GLY,O,4.241
A,151,PRO,CD,B,276,LEU,CD2,4.241
A,20,SER,CB,B,463,ARG,NH2,4.251
A,384,VAL,CG2,B,203,LYS,CG,4.257
A,148,TYR,CB,B,348,SER,N,4.262
A,43,LEU,CD1,B,467,PRO,C,4.288
A,346,GLY,N,B,155,LYS,CB,4.291
A,147,VAL,O,B,278,GLN,N,4.292
A,146,GLU,O,B,351,ASP,OD2,4.3
A,149,ASP,O,B,275,LYS,O,4.306
A,389,MET,CE,B,221,THR,OG1,4.322
A,144,ALA,CA,B,278,GLN,O,4.326
A,526,ALA,CB,B,64,PHE,CE2,4.329
A,336,PRO,O,B,121,TRP,CZ2,4.332
A,434,GLN,NE2,B,236,HIS,CD2,4.334
A,345,PRO,CD,B,323,GLU,OE2,4.342
A,42,GLY,O,B,473,GLU,OE2,4.343
A,390,ASP,O,B,220,ARG,NH2,4.348
A,339,PRO,CD,B,321,ARG,NH1,4.352
A,62,ARG,NH2,B,460,THR,O,4.363
A,61,ASN,ND2,B,462,GLY,O,4.377
A,483,ARG,N,B,108,GLY,O,4.395
A,147,VAL,CA,B,351,ASP,OD2,4.399
A,335,ARG,NH2,B,262,ALA,CB,4.402
A,337,LEU,O,B,321,ARG,NH1,4.426
A,105,PRO,CD,B,437,ALA,O,4.444
A,383,TYR,OH,B,181,GLU,N,4.448
A,342,PRO,CG,B,404,LYS,NZ,4.449
A,339,PRO,CD,B,257,GLY,N,4.453
A,523,LYS,CA,B,64,PHE,CE2,4.456
A,62,ARG,NH2,B,463,ARG,N,4.459
A,105,PRO,O,B,438,LEU,O,4.476
A,336,PRO,CD,B,259,ALA,CA,4.478
A,98,GLN,OE1,B,470,VAL,CG1,4.48
A,348,GLY,O,B,155,LYS,NZ,4.492
A,505,ARG,O,B,78,ARG,NH1,4.492
A,43,LEU,N,B,470,VAL,CG1,4.495
A,148,TYR,CA,B,277,GLY,CA,4.5
A,370,ASN,ND2,B,513,GLU,OE2,4.514
A,475,LYS,CE,B,129,THR,CG2,4.52
A,100,VAL,CG1,B,431,TRP,CZ3,4.521
A,344,LEU,O,B,156,ILE,N,4.537
A,149,ASP,N,B,277,GLY,N,4.54
A,377,MET,CA,B,521,ASP,OD2,4.556
A,62,ARG,NH2,B,353,LEU,O,4.557
A,479,VAL,O,B,108,GLY,O,4.567
A,335,ARG,NH1,B,102,ASP,OD2,4.571
A,335,ARG,NH1,B,98,ARG,CB,4.572
A,229,LEU,CD1,B,500,GLN,NE2,4.581
A,439,TYR,OH,B,151,TRP,NE1,4.581
A,19,GLU,OE1,B,461,LYS,N,4.585
A,345,PRO,N,B,155,LYS,O,4.585
A,106,PRO,CB,B,423,GLN,NE2,4.599
A,330,GLY,O,B,261,ASP,OD2,4.619
A,515,LEU,CG,B,127,LEU,O,4.663
A,146,GLU,OE1,B,280,CYS,N,4.68
A,391,LYS,C,B,220,ARG,NH2,4.685
A,104,PRO,CD,B,426,LYS,CA,4.696
A,385,HIS,O,B,239,GLY,O,4.697
A,527,LEU,CD2,B,68,ASN,ND2,4.707
A,332,ILE,CD1,B,99,THR,OG1,4.717
A,493,ARG,NH2,B,143,SER,O,4.726
A,493,ARG,NH2,B,145,SER,N,4.729
A,343,ARG,CB,B,156,ILE,N,4.74
A,107,ALA,CB,B,440,GLY,N,4.741
A,146,GLU,OE2,B,407,ASP,OD2,4.755
A,59,PRO,CB,B,464,VAL,CG2,4.76
A,150,VAL,N,B,276,LEU,O,4.768
A,342,PRO,CD,B,254,GLN,N,4.776
A,341,PRO,CA,B,256,GLN,CG,4.784
A,100,VAL,CG1,B,391,ARG,NH1,4.789
A,344,LEU,CD1,B,324,LYS,CE,4.792
A,442,GLN,OE1,B,150,GLU,OE2,4.794
A,516,ARG,CA,B,127,LEU,O,4.799
A,19,GLU,OE1,B,459,THR,O,4.802
A,474,SER,OG,B,64,PHE,CE1,4.82
A,486,PHE,CZ,B,145,SER,O,4.822
A,475,LYS,O,B,109,GLU,OE1,4.823
A,106,PRO,O,B,438,LEU,O,4.827
A,475,LYS,CB,B,106,LYS,CG,4.827
A,46,TRP,NE1,B,468,GLY,N,4.837
A,376,PRO,O,B,521,ASP,OD2,4.846
A,342,PRO,O,B,160,GLU,CG,4.862
A,104,PRO,CB,B,429,ILE,CD1,4.863
A,438,PHE,CZ,B,247,VAL,CG2,4.863
A,383,TYR,OH,B,178,ARG,NH2,4.88
A,339,PRO,O,B,254,GLN,O,4.886
A,434,GLN,OE1,B,228,GLN,O,4.893
A,379,GLU,OE1,B,181,GLU,O,4.894
A,343,ARG,NH2,B,92,LEU,CD1,4.911
A,490,THR,OG1,B,143,SER,O,4.923
A,519,VAL,CG1,B,126,SER,O,4.928
A,387,LYS,NZ,B,203,LYS,NZ,4.93
A,108,ARG,NH1,B,479,GLU,OE1,4.934
A,344,LEU,CD2,B,516,GLN,NE2,4.936
A,151,PRO,CD,B,343,TYR,OH,4.937
A,386,LEU,CD2,B,237,ALA,O,4.938
A,442,GLN,OE1,B,149,GLU,OE2,4.941
A,488,GLY,C,B,78,ARG,NH1,4.95
A,384,VAL,O,B,206,LYS,N,4.951
A,383,TYR,CE1,B,187,TYR,O,4.966
A,336,PRO,CG,B,258,LEU,O,4.968
A,225,ARG,NH2,B,491,PRO,C,4.979
A,486,PHE,N,B,78,ARG,NH2,4.979
A,516,ARG,NH1,B,76,PRO,N,4.987
